;Copyright: Alejandro Melo
;http://clubedobvemex.blogspot.com
;alejandrovargasmelo@yahoo.com.mx
;https://www.facebook.com/OpenbveMexico

;============Coche Pullman Golden Arrow=========================

;Testeros ======================================================

;Testero delantero

CreateMeshBuilder,
Addvertex,  1.4, 3.53, 11
Addvertex, -1.4, 3.53, 11
Addvertex, -1.4, 0.94, 11
Addvertex,  1.4, 0.94, 11
Addface2, 0,1,2,3
GenerateNormals
LoadTexture, testero interno.png
SetTextureCoordinates, 0,0,0
SetTextureCoordinates, 1,1,0
SetTextureCoordinates, 2,1,1
SetTextureCoordinates, 3,0,1
SetDecalTransparentColor, 255,255,255

CreateMeshBuilder,
Addvertex,  1.22, 4.02, 12.17
Addvertex, -1.22, 4.02, 12.17
Addvertex, -1.22, 0.94, 12.17
Addvertex,  1.22, 0.94, 12.17
Addface2, 0,1,2,3
GenerateNormals
LoadTexture, testero.png
SetTextureCoordinates, 0,0,0
SetTextureCoordinates, 1,1,0
SetTextureCoordinates, 2,1,1
SetTextureCoordinates, 3,0,1
SetDecalTransparentColor, 255,255,255

;burlete
CreateMeshBuilder,
Addvertex, 0.45, 3.6, 12.17
Addvertex, 0.45, 3.6, 12.77
Addvertex, 0.45, 1.1,  12.77
Addvertex, 0.45, 1.1,  12.17
Addface2, 0,1,2,3
GenerateNormals
LoadTexture, burlete.png
SetTextureCoordinates, 0, 0, 0
SetTextureCoordinates, 1, 1, 0
SetTextureCoordinates, 2, 1, 1
SetTextureCoordinates, 3, 0, 1

CreateMeshBuilder,
Addvertex, -0.45, 3.6, 12.17
Addvertex, -0.45, 3.6, 12.77
Addvertex, -0.45, 1.1,  12.77
Addvertex, -0.45, 1.1,  12.17
Addface2, 0,1,2,3
GenerateNormals
LoadTexture, burlete.png
SetTextureCoordinates, 0, 0, 0
SetTextureCoordinates, 1, 1, 0
SetTextureCoordinates, 2, 1, 1
SetTextureCoordinates, 3, 0, 1

CreateMeshBuilder,
Addvertex,  0.45, 3.6, 12.17
Addvertex,  0.45, 3.6, 12.77
Addvertex, -0.45, 3.6, 12.77
Addvertex, -0.45, 3.6, 12.17
Addface2, 0,1,2,3
GenerateNormals
LoadTexture, burlete.png
SetTextureCoordinates, 0, 0, 0
SetTextureCoordinates, 1, 1, 0
SetTextureCoordinates, 2, 1, 1
SetTextureCoordinates, 3, 0, 1

CreateMeshBuilder,
Addvertex, -1.42, 3.91, 12.77
Addvertex,  1.42, 3.91, 12.77
Addvertex,  1.42, 0.9,  12.77
Addvertex, -1.42, 0.9,  12.77
Addface2, 0,1,2,3
GenerateNormals
LoadTexture, sanfona.PNG
SetTextureCoordinates, 0,0,0
SetTextureCoordinates, 1,1,0
SetTextureCoordinates, 2,1,1
SetTextureCoordinates, 3,0,1
Setdecaltransparentcolor, 0,255,0

CreateMeshBuilder,
Addvertex,  0.45, 1.1, 12.17
Addvertex,  0.45, 1.1, 12.77
Addvertex, -0.45, 1.1, 12.77
Addvertex, -0.45, 1.1, 12.17
Addface2, 0,1,2,3
Setcolor, 100,100,100

CreateMeshBuilder,
Addvertex, 1.05, 3.35, 12.3
Addvertex, 1.05, 3.35, 12.6
Addvertex, 1.1,  1.1,  12.6
Addvertex, 1.1,  1.1,  12.3
Addface2, 0,1,2,3
GenerateNormals
LoadTexture, escalerilla.png
SetTextureCoordinates, 0, 0, 0
SetTextureCoordinates, 1, 1, 0
SetTextureCoordinates, 2, 1, 1
SetTextureCoordinates, 3, 0, 1
SetDecalTransparentColor, 255,255,255

CreateMeshBuilder,
Addvertex, -1.05, 3.35, 12.3
Addvertex, -1.05, 3.35, 12.6
Addvertex, -1.1,  1.1,  12.6
Addvertex, -1.1,  1.1,  12.3
Addface2, 0,1,2,3
GenerateNormals
LoadTexture, escalerilla.png
SetTextureCoordinates, 0, 0, 0
SetTextureCoordinates, 1, 1, 0
SetTextureCoordinates, 2, 1, 1
SetTextureCoordinates, 3, 0, 1
SetDecalTransparentColor, 255,255,255

CreateMeshBuilder,
cube, 0.2, 0.7, 0.21
translate, -0.8, 2, 12.4
Setcolor, 12,34,58

CreateMeshBuilder,
cube, 0.2, 0.7, 0.21
translate, 0.8, 2, 12.4
Setcolor, 12,34,58

;Testero Trasero

CreateMeshBuilder,
Addvertex, -1.4, 3.53, -11
Addvertex,  1.4, 3.53, -11
Addvertex,  1.4, 0.94, -11
Addvertex, -1.4, 0.94, -11
Addface2, 0,1,2,3
GenerateNormals
LoadTexture, testero interno.png
SetTextureCoordinates, 0,0,0
SetTextureCoordinates, 1,1,0
SetTextureCoordinates, 2,1,1
SetTextureCoordinates, 3,0,1
SetDecalTransparentColor, 255,255,255

CreateMeshBuilder,
Addvertex,  1.22, 4.02, -12.17
Addvertex, -1.22, 4.02, -12.17
Addvertex, -1.22, 0.94, -12.17
Addvertex,  1.22, 0.94, -12.17
Addface2, 0,1,2,3
GenerateNormals
LoadTexture, testero.png
SetTextureCoordinates, 0,0,0
SetTextureCoordinates, 1,1,0
SetTextureCoordinates, 2,1,1
SetTextureCoordinates, 3,0,1
SetDecalTransparentColor, 255,255,255

;burlete
CreateMeshBuilder,
Addvertex, 0.45, 3.6, -12.17
Addvertex, 0.45, 3.6, -12.77
Addvertex, 0.45, 1.1,  -12.77
Addvertex, 0.45, 1.1,  -12.17
Addface2, 0,1,2,3
GenerateNormals
LoadTexture, burlete.png
SetTextureCoordinates, 0, 0, 0
SetTextureCoordinates, 1, 1, 0
SetTextureCoordinates, 2, 1, 1
SetTextureCoordinates, 3, 0, 1

CreateMeshBuilder,
Addvertex, -0.45, 3.6, -12.17
Addvertex, -0.45, 3.6, -12.77
Addvertex, -0.45, 1.1,  -12.77
Addvertex, -0.45, 1.1,  -12.17
Addface2, 0,1,2,3
GenerateNormals
LoadTexture, burlete.png
SetTextureCoordinates, 0, 0, 0
SetTextureCoordinates, 1, 1, 0
SetTextureCoordinates, 2, 1, 1
SetTextureCoordinates, 3, 0, 1

CreateMeshBuilder,
Addvertex,  0.45, 3.6, -12.17
Addvertex,  0.45, 3.6, -12.77
Addvertex, -0.45, 3.6, -12.77
Addvertex, -0.45, 3.6, -12.17
Addface2, 0,1,2,3
GenerateNormals
LoadTexture, burlete.png
SetTextureCoordinates, 0, 0, 0
SetTextureCoordinates, 1, 1, 0
SetTextureCoordinates, 2, 1, 1
SetTextureCoordinates, 3, 0, 1

CreateMeshBuilder,
Addvertex, -1.42, 3.91, -12.77
Addvertex,  1.42, 3.91, -12.77
Addvertex,  1.42, 0.9,  -12.77
Addvertex, -1.42, 0.9,  -12.77
Addface2, 0,1,2,3
GenerateNormals
LoadTexture, sanfona.PNG
SetTextureCoordinates, 0,0,0
SetTextureCoordinates, 1,1,0
SetTextureCoordinates, 2,1,1
SetTextureCoordinates, 3,0,1
Setdecaltransparentcolor, 0,255,0

CreateMeshBuilder,
Addvertex,  0.45, 1.1, -12.17
Addvertex,  0.45, 1.1, -12.77
Addvertex, -0.45, 1.1, -12.77
Addvertex, -0.45, 1.1, -12.17
Addface2, 0,1,2,3
Setcolor, 100,100,100

CreateMeshBuilder,
Addvertex, 1.05, 3.35, -12.3
Addvertex, 1.05, 3.35, -12.6
Addvertex, 1.1,  1.1,  -12.6
Addvertex, 1.1,  1.1,  -12.3
Addface2, 0,1,2,3
GenerateNormals
LoadTexture, escalerilla.png
SetTextureCoordinates, 0, 0, 0
SetTextureCoordinates, 1, 1, 0
SetTextureCoordinates, 2, 1, 1
SetTextureCoordinates, 3, 0, 1
SetDecalTransparentColor, 255,255,255

CreateMeshBuilder,
Addvertex, -1.05, 3.35, -12.3
Addvertex, -1.05, 3.35, -12.6
Addvertex, -1.1,  1.1,  -12.6
Addvertex, -1.1,  1.1,  -12.3
Addface2, 0,1,2,3
GenerateNormals
LoadTexture, escalerilla.png
SetTextureCoordinates, 0, 0, 0
SetTextureCoordinates, 1, 1, 0
SetTextureCoordinates, 2, 1, 1
SetTextureCoordinates, 3, 0, 1
SetDecalTransparentColor, 255,255,255

CreateMeshBuilder,
cube, 0.2, 0.7, 0.21
translate, -0.8, 2, -12.4
Setcolor, 12,34,58

CreateMeshBuilder,
cube, 0.2, 0.7, 0.21
translate, 0.8, 2, -12.4
Setcolor, 12,34,58

;Laterales ======================================================

;derecho

CreateMeshBuilder,
Addvertex, 1.4, 3.53, -11
Addvertex, 1.4, 3.53,  11
Addvertex, 1.4, 0.94,  11
Addvertex, 1.4, 0.94, -11
Addface, 0,1,2,3
GenerateNormals
LoadTexture, externo derecho.png
SetTextureCoordinates, 0,0,0
SetTextureCoordinates, 1,1,0
SetTextureCoordinates, 2,1,1
SetTextureCoordinates, 3,0,1
SetDecalTransparentColor, 255,255,255

CreateMeshBuilder,
Addvertex, 1.39, 3.53,  11
Addvertex, 1.39, 3.53, -11
Addvertex, 1.39, 0.94, -11
Addvertex, 1.39, 0.94,  11
Addface, 0,1,2,3
GenerateNormals
LoadTexture, interno derecho.png
SetTextureCoordinates, 0,0,0
SetTextureCoordinates, 1,1,0
SetTextureCoordinates, 2,1,1
SetTextureCoordinates, 3,0,1
SetDecalTransparentColor, 255,255,255
setemissivecolor, 255,255,255

CreateMeshBuilder,
Addvertex, 1.395, 3.53, -11
Addvertex, 1.395, 3.53,  11
Addvertex, 1.395, 0.94,  11
Addvertex, 1.395, 0.94, -11
Addface, 0,1,2,3
setcolor, 53,17,0,220
setemissivecolor, 53,17,0

;izquierdo

CreateMeshBuilder,
Addvertex, -1.4, 3.53,  11
Addvertex, -1.4, 3.53, -11
Addvertex, -1.4, 0.94, -11
Addvertex, -1.4, 0.94,  11
Addface, 0,1,2,3
GenerateNormals
LoadTexture, externo izquierdo.png
SetTextureCoordinates, 0,0,0
SetTextureCoordinates, 1,1,0
SetTextureCoordinates, 2,1,1
SetTextureCoordinates, 3,0,1
SetDecalTransparentColor, 255,255,255

CreateMeshBuilder,
Addvertex, -1.39, 3.53,  11
Addvertex, -1.39, 3.53, -11
Addvertex, -1.39, 0.94, -11
Addvertex, -1.39, 0.94,  11
Addface, 3,2,1,0
GenerateNormals
LoadTexture, interno izquierdo.png
SetTextureCoordinates, 0,0,0
SetTextureCoordinates, 1,1,0
SetTextureCoordinates, 2,1,1
SetTextureCoordinates, 3,0,1
SetDecalTransparentColor, 255,255,255
setemissivecolor, 255,255,255

CreateMeshBuilder,
Addvertex, -1.395, 3.53,  11
Addvertex, -1.395, 3.53, -11
Addvertex, -1.395, 0.94, -11
Addvertex, -1.395, 0.94,  11
Addface, 0,1,2,3
setcolor, 53,17,0,220
setemissivecolor, 53,17,0

;Techo

CreateMeshBuilder,
Addvertex, -1.4, 3.53,  12.17
Addvertex, -1.4, 3.53, -12.17
Addvertex,  1.4, 3.53, -12.17
Addvertex,  1.4, 3.53,  12.17
Addface, 0,1,2,3
GenerateNormals
loadtexture, techo 2.gif
SetTextureCoordinates, 0, 0, 0
SetTextureCoordinates, 1, 1, 0
SetTextureCoordinates, 2, 1, 1
SetTextureCoordinates, 3, 0, 1
SetDecalTransparentColor, 255,255,255

CreateMeshBuilder,
Addvertex, -1.19, 3.8,  11
Addvertex, -1.19, 3.8, -11
Addvertex,  1.19, 3.8, -11
Addvertex,  1.19, 3.8,  11
Addface, 0,1,2,3
GenerateNormals
loadtexture, techo interno.png
SetTextureCoordinates, 0, 0, 0
SetTextureCoordinates, 1, 1, 0
SetTextureCoordinates, 2, 1, 1
SetTextureCoordinates, 3, 0, 1
SetDecalTransparentColor, 255,255,255
setemissivecolor, 255,255,255

CreateMeshBuilder,
Addvertex, -1.39, 3.4,  11
Addvertex, -1.39, 3.4, -11
Addvertex,  1.39, 3.4, -11
Addvertex,  1.39, 3.4,  11
Addface2, 0,1,2,3
GenerateNormals
loadtexture, lamparero.png
SetTextureCoordinates, 0, 0, 0
SetTextureCoordinates, 1, 1, 0
SetTextureCoordinates, 2, 1, 1
SetTextureCoordinates, 3, 0, 1
SetDecalTransparentColor, 255,255,255
setemissivecolor, 255,255,255

;Piso===========================================================

CreateMeshBuilder,
Addvertex,  1.4, 1.22,  12.17
Addvertex,  1.4, 1.22, -12.17
Addvertex, -1.4, 1.22, -12.17
Addvertex, -1.4, 1.22,  12.17
Addface, 0,1,2,3
LoadTexture, piso.png
SetTextureCoordinates, 0,0,0
SetTextureCoordinates, 1,1,0
SetTextureCoordinates, 2,1,1
SetTextureCoordinates, 3,0,1
SetDecalTransparentColor, 255,255,255
setemissivecolor, 255,255,255

CreateMeshBuilder,
Addvertex,  1.4, 1.22, -12.17
Addvertex,  1.4, 1.22,  12.17
Addvertex, -1.4, 1.22,  12.17
Addvertex, -1.4, 1.22, -12.17
Addface, 0,1,2,3
LoadTexture, piso 2.png
SetTextureCoordinates, 0,0,0
SetTextureCoordinates, 1,1,0
SetTextureCoordinates, 2,1,1
SetTextureCoordinates, 3,0,1
SetDecalTransparentColor, 255,255,255

CreateMeshBuilder,
cube, 0.3, 0.27, 1
translate, -1.1, 0.7, 0
SetColor, 20,20,20

CreateMeshBuilder,
cube, 0.3, 0.27, 1
translate, 1.1, 0.7, 2.5
SetColor, 20,20,20

CreateMeshBuilder,
cube, 0.3, 0.27, 1
translate, 1.1, 0.7, -2.5
SetColor, 20,20,20

CreateMeshBuilder,
cube, 0.3, 0.2, 0.5
translate, 1.1, 0.9, 0
SetColor, 20,20,20

;Puertas========================================================

CreateMeshBuilder,
Addvertex, 1.22, 3.53, 12.17
Addvertex, 1.22, 3.53, 11
Addvertex, 1.22, 0.94, 11
Addvertex, 1.22, 0.94, 12.17
Addface2, 0,1,2,3
GenerateNormals
LoadTexture, puerta.png
SetTextureCoordinates, 0,0,0
SetTextureCoordinates, 1,1,0
SetTextureCoordinates, 2,1,1
SetTextureCoordinates, 3,0,1
SetDecalTransparentColor, 255,255,255

CreateMeshBuilder,
Addvertex, -1.22, 3.53, 12.17
Addvertex, -1.22, 3.53, 11
Addvertex, -1.22, 0.94, 11
Addvertex, -1.22, 0.94, 12.17
Addface2, 0,1,2,3
GenerateNormals
LoadTexture, puerta.png
SetTextureCoordinates, 0,0,0
SetTextureCoordinates, 1,1,0
SetTextureCoordinates, 2,1,1
SetTextureCoordinates, 3,0,1
SetDecalTransparentColor, 255,255,255

CreateMeshBuilder,
Addvertex, 1.22, 3.53, -12.17
Addvertex, 1.22, 3.53, -11
Addvertex, 1.22, 0.94, -11
Addvertex, 1.22, 0.94, -12.17
Addface2, 0,1,2,3
GenerateNormals
LoadTexture, puerta.png
SetTextureCoordinates, 0,0,0
SetTextureCoordinates, 1,1,0
SetTextureCoordinates, 2,1,1
SetTextureCoordinates, 3,0,1
SetDecalTransparentColor, 255,255,255

CreateMeshBuilder,
Addvertex, -1.22, 3.53, -12.17
Addvertex, -1.22, 3.53, -11
Addvertex, -1.22, 0.94, -11
Addvertex, -1.22, 0.94, -12.17
Addface2, 0,1,2,3
GenerateNormals
LoadTexture, puerta.png
SetTextureCoordinates, 0,0,0
SetTextureCoordinates, 1,1,0
SetTextureCoordinates, 2,1,1
SetTextureCoordinates, 3,0,1
SetDecalTransparentColor, 255,255,255

;Interiores=====================================================

CreateMeshBuilder,
Addvertex, -1.4, 2.2, -8.18
Addvertex,  1.4, 2.2, -8.18
Addvertex,  1.4, 1.22,  -8.18
Addvertex, -1.4, 1.22,  -8.18
Addface2, 0,1,2,3
GenerateNormals
LoadTexture, barras 2.png
SetTextureCoordinates, 0,0,0
SetTextureCoordinates, 1,1,0
SetTextureCoordinates, 2,1,1
SetTextureCoordinates, 3,0,1
SetDecalTransparentColor, 255,255,255
setemissivecolor, 255,255,255

CreateMeshBuilder,
Addvertex, -1.4, 2.2, -7.39
Addvertex,  1.4, 2.2, -7.39
Addvertex,  1.4, 1.22,  -7.39
Addvertex, -1.4, 1.22,  -7.39
Addface2, 0,1,2,3
GenerateNormals
LoadTexture, barras 2.png
SetTextureCoordinates, 0,0,0
SetTextureCoordinates, 1,1,0
SetTextureCoordinates, 2,1,1
SetTextureCoordinates, 3,0,1
SetDecalTransparentColor, 255,255,255
setemissivecolor, 255,255,255

CreateMeshBuilder,
Addvertex,  1.4, 2.2, -5.52
Addvertex, -1.4, 2.2, -5.52
Addvertex, -1.4, 1.22,  -5.52
Addvertex,  1.4, 1.22,  -5.52
Addface2, 0,1,2,3
GenerateNormals
LoadTexture, barras.png
SetTextureCoordinates, 0,0,0
SetTextureCoordinates, 1,1,0
SetTextureCoordinates, 2,1,1
SetTextureCoordinates, 3,0,1
SetDecalTransparentColor, 255,255,255
setemissivecolor, 255,255,255

CreateMeshBuilder,
Addvertex,  1.4, 2.2, -4.73
Addvertex, -1.4, 2.2, -4.73
Addvertex, -1.4, 1.22,  -4.73
Addvertex,  1.4, 1.22,  -4.73
Addface2, 0,1,2,3
GenerateNormals
LoadTexture, barras.png
SetTextureCoordinates, 0,0,0
SetTextureCoordinates, 1,1,0
SetTextureCoordinates, 2,1,1
SetTextureCoordinates, 3,0,1
SetDecalTransparentColor, 255,255,255
setemissivecolor, 255,255,255

CreateMeshBuilder,
Addvertex,  1.4, 2.2, -2.98
Addvertex, -1.4, 2.2, -2.98
Addvertex, -1.4, 1.22,  -2.98
Addvertex,  1.4, 1.22,  -2.98
Addface2, 0,1,2,3
GenerateNormals
LoadTexture, barras.png
SetTextureCoordinates, 0,0,0
SetTextureCoordinates, 1,1,0
SetTextureCoordinates, 2,1,1
SetTextureCoordinates, 3,0,1
SetDecalTransparentColor, 255,255,255
setemissivecolor, 255,255,255

CreateMeshBuilder,
Addvertex,  1.4, 2.2, -2.19
Addvertex, -1.4, 2.2, -2.19
Addvertex, -1.4, 1.22,  -2.19
Addvertex,  1.4, 1.22,  -2.19
Addface2, 0,1,2,3
GenerateNormals
LoadTexture, barras.png
SetTextureCoordinates, 0,0,0
SetTextureCoordinates, 1,1,0
SetTextureCoordinates, 2,1,1
SetTextureCoordinates, 3,0,1
SetDecalTransparentColor, 255,255,255
setemissivecolor, 255,255,255

CreateMeshBuilder,
Addvertex,  1.4, 2.2, -0.37
Addvertex, -1.4, 2.2, -0.37
Addvertex, -1.4, 1.22,  -0.37
Addvertex,  1.4, 1.22,  -0.37
Addface2, 0,1,2,3
GenerateNormals
LoadTexture, barras.png
SetTextureCoordinates, 0,0,0
SetTextureCoordinates, 1,1,0
SetTextureCoordinates, 2,1,1
SetTextureCoordinates, 3,0,1
SetDecalTransparentColor, 255,255,255
setemissivecolor, 255,255,255

CreateMeshBuilder,
Addvertex,  1.4, 2.2, 0.41
Addvertex, -1.4, 2.2, 0.41
Addvertex, -1.4, 1.22,  0.41
Addvertex,  1.4, 1.22,  0.41
Addface2, 0,1,2,3
GenerateNormals
LoadTexture, barras.png
SetTextureCoordinates, 0,0,0
SetTextureCoordinates, 1,1,0
SetTextureCoordinates, 2,1,1
SetTextureCoordinates, 3,0,1
SetDecalTransparentColor, 255,255,255
setemissivecolor, 255,255,255

CreateMeshBuilder,
Addvertex,  1.4, 2.2, 2.17
Addvertex, -1.4, 2.2, 2.17
Addvertex, -1.4, 1.22,  2.17
Addvertex,  1.4, 1.22,  2.17
Addface2, 0,1,2,3
GenerateNormals
LoadTexture, barras.png
SetTextureCoordinates, 0,0,0
SetTextureCoordinates, 1,1,0
SetTextureCoordinates, 2,1,1
SetTextureCoordinates, 3,0,1
SetDecalTransparentColor, 255,255,255
setemissivecolor, 255,255,255

CreateMeshBuilder,
Addvertex,  1.4, 2.2, 2.97
Addvertex, -1.4, 2.2, 2.97
Addvertex, -1.4, 1.22,  2.97
Addvertex,  1.4, 1.22,  2.97
Addface2, 0,1,2,3
GenerateNormals
LoadTexture, barras.png
SetTextureCoordinates, 0,0,0
SetTextureCoordinates, 1,1,0
SetTextureCoordinates, 2,1,1
SetTextureCoordinates, 3,0,1
SetDecalTransparentColor, 255,255,255
setemissivecolor, 255,255,255

CreateMeshBuilder,
Addvertex,  1.4, 4.05, -1.3
Addvertex, -1.4, 4.05, -1.3
Addvertex, -1.4, 1.22, -1.3
Addvertex,  1.4, 1.22, -1.3
Addface2, 0,1,2,3
GenerateNormals
LoadTexture, mampara.png
SetTextureCoordinates, 0,0,0
SetTextureCoordinates, 1,1,0
SetTextureCoordinates, 2,1,1
SetTextureCoordinates, 3,0,1
SetDecalTransparentColor, 255,255,255
setemissivecolor, 255,255,255

;Departamentos VIP==============================================

;Delantero------------------------------------------------------

CreateMeshBuilder,
Addvertex, -1.4, 4.05, 3.85
Addvertex,  1.4, 4.05, 3.85
Addvertex,  1.4, 1.22, 3.85
Addvertex, -1.4, 1.22, 3.85
Addface2, 0,1,2,3
GenerateNormals
LoadTexture, mampara 2.png
SetTextureCoordinates, 0,0,0
SetTextureCoordinates, 1,1,0
SetTextureCoordinates, 2,1,1
SetTextureCoordinates, 3,0,1
SetDecalTransparentColor, 255,255,255
setemissivecolor, 255,255,255

CreateMeshBuilder,
Addvertex, 0.51, 4.05, 3.85
Addvertex, 0.51, 4.05, 9.1
Addvertex, 0.51, 1.21, 9.1
Addvertex, 0.51, 1.21, 3.85
Addface2, 0,1,2,3
GenerateNormals
LoadTexture, pared del bano.png
SetTextureCoordinates, 0,0,0
SetTextureCoordinates, 1,1,0
SetTextureCoordinates, 2,1,1
SetTextureCoordinates, 3,0,1
setdecaltransparentcolor, 255,255,255
setemissivecolor, 255,255,255

CreateMeshBuilder,
Addvertex, -1.4, 4.05, 9.1
Addvertex,  1.4, 4.05, 9.1
Addvertex,  1.4, 1.22, 9.1
Addvertex, -1.4, 1.22, 9.1
Addface2, 0,1,2,3
GenerateNormals
LoadTexture, mampara 2.png
SetTextureCoordinates, 0,0,0
SetTextureCoordinates, 1,1,0
SetTextureCoordinates, 2,1,1
SetTextureCoordinates, 3,0,1
SetDecalTransparentColor, 255,255,255
setemissivecolor, 255,255,255

CreateMeshBuilder,
Addvertex, -0.51, 4.05, 9.1
Addvertex, -0.51, 4.05, 11
Addvertex, -0.51, 1.21, 11
Addvertex, -0.51, 1.21, 9.1
Addface2, 0,1,2,3
GenerateNormals
LoadTexture, pared del bano.png
SetTextureCoordinates, 0,0,0
SetTextureCoordinates, 1,1,0
SetTextureCoordinates, 2,1,1
SetTextureCoordinates, 3,0,1
setemissivecolor, 255,255,255

;Trasero--------------------------------------------------------

CreateMeshBuilder,
Addvertex,  1.4, 4.05, -6.45
Addvertex, -1.4, 4.05, -6.45
Addvertex, -1.4, 1.22, -6.45
Addvertex,  1.4, 1.22, -6.45
Addface2, 0,1,2,3
GenerateNormals
LoadTexture, mampara 3.png
SetTextureCoordinates, 0,0,0
SetTextureCoordinates, 1,1,0
SetTextureCoordinates, 2,1,1
SetTextureCoordinates, 3,0,1
SetDecalTransparentColor, 255,255,255
setemissivecolor, 255,255,255

CreateMeshBuilder,
Addvertex, -0.51, 4.05, -6.45
Addvertex, -0.51, 4.05, -9.1
Addvertex, -0.51, 1.21, -9.1
Addvertex, -0.51, 1.21, -6.45
Addface2, 0,1,2,3
GenerateNormals
LoadTexture, pared de la cocina.png
SetTextureCoordinates, 0,0,0
SetTextureCoordinates, 1,1,0
SetTextureCoordinates, 2,1,1
SetTextureCoordinates, 3,0,1
setdecaltransparentcolor, 255,255,255
setemissivecolor, 255,255,255

CreateMeshBuilder,
Addvertex,  1.4, 4.05, -9.1
Addvertex, -1.4, 4.05, -9.1
Addvertex, -1.4, 1.22, -9.1
Addvertex,  1.4, 1.22, -9.1
Addface2, 0,1,2,3
GenerateNormals
LoadTexture, mampara 2.png
SetTextureCoordinates, 0,0,0
SetTextureCoordinates, 1,1,0
SetTextureCoordinates, 2,1,1
SetTextureCoordinates, 3,0,1
SetDecalTransparentColor, 255,255,255
setemissivecolor, 255,255,255

CreateMeshBuilder,
Addvertex, 0.51, 4.05, -9.1
Addvertex, 0.51, 4.05, -11
Addvertex, 0.51, 1.21, -11
Addvertex, 0.51, 1.21, -9.1
Addface2, 0,1,2,3
GenerateNormals
LoadTexture, pared del bano.png
SetTextureCoordinates, 0,0,0
SetTextureCoordinates, 1,1,0
SetTextureCoordinates, 2,1,1
SetTextureCoordinates, 3,0,1
setemissivecolor, 255,255,255

;Mesas==========================================================

CreateMeshBuilder,
Addvertex,  1.4, 2.2, 11
Addvertex,  1.4, 2.2,  -11
Addvertex, -1.4, 2.2,  -11
Addvertex, -1.4, 2.2, 11
Addface2, 0,1,2,3
GenerateNormals
LoadTexture, mesas restaurant.png
SetTextureCoordinates, 0,0,0
SetTextureCoordinates, 1,1,0
SetTextureCoordinates, 2,1,1
SetTextureCoordinates, 3,0,1
SetDecalTransparentColor, 255,255,255
setemissivecolor, 255,255,255

CreateMeshBuilder,
Addvertex, 0.44, 2.2, 11
Addvertex, 0.44, 2.2, -11
Addvertex, 0.44, 1.22, -11
Addvertex, 0.44, 1.22, 11
Addface2, 0,1,2,3
GenerateNormals
LoadTexture, laterales de mesas restaurant.png
SetTextureCoordinates, 0,0,0
SetTextureCoordinates, 1,1,0
SetTextureCoordinates, 2,1,1
SetTextureCoordinates, 3,0,1
SetDecalTransparentColor, 255,255,255
setemissivecolor, 255,255,255

CreateMeshBuilder,
Addvertex, -0.44, 2.2, 11
Addvertex, -0.44, 2.2, -11
Addvertex, -0.44, 1.22, -11
Addvertex, -0.44, 1.22, 11
Addface2, 0,1,2,3
GenerateNormals
LoadTexture, laterales de mesas 2 restaurant.png
SetTextureCoordinates, 0,0,0
SetTextureCoordinates, 1,1,0
SetTextureCoordinates, 2,1,1
SetTextureCoordinates, 3,0,1
SetDecalTransparentColor, 255,255,255
setemissivecolor, 255,255,255

;Asientos=======================================================

CreateMeshBuilder,
Addvertex,  1.4, 1.8, 11
Addvertex,  1.4, 1.8,  -11
Addvertex, -1.4, 1.8,  -11
Addvertex, -1.4, 1.8, 11
Addface2, 0,1,2,3
GenerateNormals
LoadTexture, asientos restaurant.png
SetTextureCoordinates, 0,0,0
SetTextureCoordinates, 1,1,0
SetTextureCoordinates, 2,1,1
SetTextureCoordinates, 3,0,1
SetDecalTransparentColor, 255,255,255
setemissivecolor, 255,255,255

CreateMeshBuilder,
Addvertex,  1.4, 2.6, 11
Addvertex,  1.4, 2.6,  -11
Addvertex, -1.4, 2.6,  -11
Addvertex, -1.4, 2.6, 11
Addface2, 0,1,2,3
GenerateNormals
LoadTexture, cabeceras.png
SetTextureCoordinates, 0,0,0
SetTextureCoordinates, 1,1,0
SetTextureCoordinates, 2,1,1
SetTextureCoordinates, 3,0,1
SetDecalTransparentColor, 255,255,255
setemissivecolor, 255,255,255

CreateMeshBuilder,
Addvertex,  1.4, 2.1, 11
Addvertex,  1.4, 2.1,  -11
Addvertex, -1.4, 2.1,  -11
Addvertex, -1.4, 2.1, 11
Addface2, 0,1,2,3
GenerateNormals
LoadTexture, coderas.png
SetTextureCoordinates, 0,0,0
SetTextureCoordinates, 1,1,0
SetTextureCoordinates, 2,1,1
SetTextureCoordinates, 3,0,1
SetDecalTransparentColor, 255,255,255
setemissivecolor, 255,255,255

CreateMeshBuilder,
Addvertex, -1.17, 2.1, -11
Addvertex, -1.17, 2.1,  11
Addvertex, -1.17, 1.8,  11
Addvertex, -1.17, 1.8, -11
Addface2, 0,1,2,3
GenerateNormals
LoadTexture, coderas1.png
SetTextureCoordinates, 0,0,0
SetTextureCoordinates, 1,1,0
SetTextureCoordinates, 2,1,1
SetTextureCoordinates, 3,0,1
SetDecalTransparentColor, 255,255,255
setemissivecolor, 255,255,255

CreateMeshBuilder,
Addvertex, -0.63, 2.1, -11
Addvertex, -0.63, 2.1,  11
Addvertex, -0.63, 1.8,  11
Addvertex, -0.63, 1.8, -11
Addface2, 0,1,2,3
GenerateNormals
LoadTexture, coderas1.png
SetTextureCoordinates, 0,0,0
SetTextureCoordinates, 1,1,0
SetTextureCoordinates, 2,1,1
SetTextureCoordinates, 3,0,1
SetDecalTransparentColor, 255,255,255
setemissivecolor, 255,255,255

CreateMeshBuilder,
Addvertex, 1.18, 2.1, -11
Addvertex, 1.18, 2.1,  11
Addvertex, 1.18, 1.8,  11
Addvertex, 1.18, 1.8, -11
Addface2, 0,1,2,3
GenerateNormals
LoadTexture, coderas2.png
SetTextureCoordinates, 0,0,0
SetTextureCoordinates, 1,1,0
SetTextureCoordinates, 2,1,1
SetTextureCoordinates, 3,0,1
SetDecalTransparentColor, 255,255,255
setemissivecolor, 255,255,255

CreateMeshBuilder,
Addvertex, 0.65, 2.1, -11
Addvertex, 0.65, 2.1,  11
Addvertex, 0.65, 1.8,  11
Addvertex, 0.65, 1.8, -11
Addface2, 0,1,2,3
GenerateNormals
LoadTexture, coderas2.png
SetTextureCoordinates, 0,0,0
SetTextureCoordinates, 1,1,0
SetTextureCoordinates, 2,1,1
SetTextureCoordinates, 3,0,1
SetDecalTransparentColor, 255,255,255
setemissivecolor, 255,255,255

CreateMeshBuilder,
Addvertex, 0.3, 2.1, -11
Addvertex, 0.3, 2.1,  11
Addvertex, 0.3, 1.8,  11
Addvertex, 0.3, 1.8, -11
Addface2, 0,1,2,3
GenerateNormals
LoadTexture, coderas4.png
SetTextureCoordinates, 0,0,0
SetTextureCoordinates, 1,1,0
SetTextureCoordinates, 2,1,1
SetTextureCoordinates, 3,0,1
SetDecalTransparentColor, 255,255,255
setemissivecolor, 255,255,255

CreateMeshBuilder,
Addvertex, -0.23, 2.1, -11
Addvertex, -0.23, 2.1,  11
Addvertex, -0.23, 1.8,  11
Addvertex, -0.23, 1.8, -11
Addface2, 0,1,2,3
GenerateNormals
LoadTexture, coderas4.png
SetTextureCoordinates, 0,0,0
SetTextureCoordinates, 1,1,0
SetTextureCoordinates, 2,1,1
SetTextureCoordinates, 3,0,1
SetDecalTransparentColor, 255,255,255
setemissivecolor, 255,255,255

;----------------------------------------------------------------

CreateMeshBuilder,
Addvertex, -1.4, 2.6, -8.85
Addvertex,  1.4, 2.6, -8.85
Addvertex,  1.4, 1.4, -8.7
Addvertex, -1.4, 1.4, -8.7
Addface2, 0,1,2,3
GenerateNormals
LoadTexture, respaldos 3.png
SetTextureCoordinates, 0,0,0
SetTextureCoordinates, 1,0,1
SetTextureCoordinates, 2,1,1
SetTextureCoordinates, 3,1,0
SetDecalTransparentColor, 255,255,255
setemissivecolor, 255,255,255

CreateMeshBuilder,
Addvertex, -1.4, 2.6, -6.73
Addvertex,  1.4, 2.6, -6.73
Addvertex,  1.4, 1.4, -6.87
Addvertex, -1.4, 1.4, -6.87
Addface2, 0,1,2,3
GenerateNormals
LoadTexture, respaldos 3.png
SetTextureCoordinates, 0,0,0
SetTextureCoordinates, 1,0,1
SetTextureCoordinates, 2,1,1
SetTextureCoordinates, 3,1,0
SetDecalTransparentColor, 255,255,255
setemissivecolor, 255,255,255

CreateMeshBuilder,
Addvertex, -1.4, 2.6, -6.67
Addvertex,  1.4, 2.6, -6.67
Addvertex,  1.4, 1.4, -6.67
Addvertex, -1.4, 1.4, -6.67
Addface2, 0,1,2,3
GenerateNormals
LoadTexture, respaldos 3.png
SetTextureCoordinates, 0,0,0
SetTextureCoordinates, 1,0,1
SetTextureCoordinates, 2,1,1
SetTextureCoordinates, 3,1,0
SetDecalTransparentColor, 255,255,255
setemissivecolor, 255,255,255

CreateMeshBuilder,
Addvertex, -1.4, 2.6, -6.26
Addvertex,  1.4, 2.6, -6.26
Addvertex,  1.4, 1.4, -6.26
Addvertex, -1.4, 1.4, -6.26
Addface2, 0,1,2,3
GenerateNormals
LoadTexture, respaldos 1.png
SetTextureCoordinates, 0,0,0
SetTextureCoordinates, 1,0,1
SetTextureCoordinates, 2,1,1
SetTextureCoordinates, 3,1,0
SetDecalTransparentColor, 255,255,255
setemissivecolor, 255,255,255

CreateMeshBuilder,
Addvertex, -1.4, 2.6, -6.19
Addvertex,  1.4, 2.6, -6.19
Addvertex,  1.4, 1.4, -6.05
Addvertex, -1.4, 1.4, -6.05
Addface2, 0,1,2,3
GenerateNormals
LoadTexture, respaldos 1.png
SetTextureCoordinates, 0,0,0
SetTextureCoordinates, 1,0,1
SetTextureCoordinates, 2,1,1
SetTextureCoordinates, 3,1,0
SetDecalTransparentColor, 255,255,255
setemissivecolor, 255,255,255

CreateMeshBuilder,
Addvertex, -1.4, 2.6, -3.99
Addvertex,  1.4, 2.6, -3.99
Addvertex,  1.4, 1.4, -3.99
Addvertex, -1.4, 1.4, -3.99
Addface2, 0,1,2,3
GenerateNormals
LoadTexture, respaldos 2.png
SetTextureCoordinates, 0,0,0
SetTextureCoordinates, 1,0,1
SetTextureCoordinates, 2,1,1
SetTextureCoordinates, 3,1,0
SetDecalTransparentColor, 255,255,255
setemissivecolor, 255,255,255

CreateMeshBuilder,
Addvertex, -1.4, 2.6, -4.06
Addvertex,  1.4, 2.6, -4.06
Addvertex,  1.4, 1.4, -4.21
Addvertex, -1.4, 1.4, -4.21
Addface2, 0,1,2,3
GenerateNormals
LoadTexture, respaldos 2.png
SetTextureCoordinates, 0,0,0
SetTextureCoordinates, 1,0,1
SetTextureCoordinates, 2,1,1
SetTextureCoordinates, 3,1,0
SetDecalTransparentColor, 255,255,255
setemissivecolor, 255,255,255

CreateMeshBuilder,
Addvertex, -1.4, 2.6, -3.72
Addvertex,  1.4, 2.6, -3.72
Addvertex,  1.4, 1.4, -3.72
Addvertex, -1.4, 1.4, -3.72
Addface2, 0,1,2,3
GenerateNormals
LoadTexture, respaldos 2.png
SetTextureCoordinates, 0,0,0
SetTextureCoordinates, 1,0,1
SetTextureCoordinates, 2,1,1
SetTextureCoordinates, 3,1,0
SetDecalTransparentColor, 255,255,255
setemissivecolor, 255,255,255

CreateMeshBuilder,
Addvertex, -1.4, 2.6, -3.65
Addvertex,  1.4, 2.6, -3.65
Addvertex,  1.4, 1.4, -3.5
Addvertex, -1.4, 1.4, -3.5
Addface2, 0,1,2,3
GenerateNormals
LoadTexture, respaldos 2.png
SetTextureCoordinates, 0,0,0
SetTextureCoordinates, 1,0,1
SetTextureCoordinates, 2,1,1
SetTextureCoordinates, 3,1,0
SetDecalTransparentColor, 255,255,255
setemissivecolor, 255,255,255

CreateMeshBuilder,
Addvertex, -1.4, 2.6, -1.45
Addvertex,  1.4, 2.6, -1.45
Addvertex,  1.4, 1.4, -1.45
Addvertex, -1.4, 1.4, -1.45
Addface2, 0,1,2,3
GenerateNormals
LoadTexture, respaldos 2.png
SetTextureCoordinates, 0,0,0
SetTextureCoordinates, 1,0,1
SetTextureCoordinates, 2,1,1
SetTextureCoordinates, 3,1,0
SetDecalTransparentColor, 255,255,255
setemissivecolor, 255,255,255

CreateMeshBuilder,
Addvertex, -1.4, 2.6, -1.51
Addvertex,  1.4, 2.6, -1.51
Addvertex,  1.4, 1.4, -1.66
Addvertex, -1.4, 1.4, -1.66
Addface2, 0,1,2,3
GenerateNormals
LoadTexture, respaldos 2.png
SetTextureCoordinates, 0,0,0
SetTextureCoordinates, 1,0,1
SetTextureCoordinates, 2,1,1
SetTextureCoordinates, 3,1,0
SetDecalTransparentColor, 255,255,255
setemissivecolor, 255,255,255

CreateMeshBuilder,
Addvertex, -1.4, 2.6, -1.12
Addvertex,  1.4, 2.6, -1.12
Addvertex,  1.4, 1.4, -1.12
Addvertex, -1.4, 1.4, -1.12
Addface2, 0,1,2,3
GenerateNormals
LoadTexture, respaldos 2.png
SetTextureCoordinates, 0,0,0
SetTextureCoordinates, 1,0,1
SetTextureCoordinates, 2,1,1
SetTextureCoordinates, 3,1,0
SetDecalTransparentColor, 255,255,255
setemissivecolor, 255,255,255

CreateMeshBuilder,
Addvertex, -1.4, 2.6, -1.05
Addvertex,  1.4, 2.6, -1.05
Addvertex,  1.4, 1.4, -0.9
Addvertex, -1.4, 1.4, -0.9
Addface2, 0,1,2,3
GenerateNormals
LoadTexture, respaldos 2.png
SetTextureCoordinates, 0,0,0
SetTextureCoordinates, 1,0,1
SetTextureCoordinates, 2,1,1
SetTextureCoordinates, 3,1,0
SetDecalTransparentColor, 255,255,255
setemissivecolor, 255,255,255

CreateMeshBuilder,
Addvertex, -1.4, 2.6, 1.15
Addvertex,  1.4, 2.6, 1.15
Addvertex,  1.4, 1.4, 1.15
Addvertex, -1.4, 1.4, 1.15
Addface2, 0,1,2,3
GenerateNormals
LoadTexture, respaldos 2.png
SetTextureCoordinates, 0,0,0
SetTextureCoordinates, 1,0,1
SetTextureCoordinates, 2,1,1
SetTextureCoordinates, 3,1,0
SetDecalTransparentColor, 255,255,255
setemissivecolor, 255,255,255

CreateMeshBuilder,
Addvertex, -1.4, 2.6, 1.08
Addvertex,  1.4, 2.6, 1.08
Addvertex,  1.4, 1.4, 0.93
Addvertex, -1.4, 1.4, 0.93
Addface2, 0,1,2,3
GenerateNormals
LoadTexture, respaldos 2.png
SetTextureCoordinates, 0,0,0
SetTextureCoordinates, 1,0,1
SetTextureCoordinates, 2,1,1
SetTextureCoordinates, 3,1,0
SetDecalTransparentColor, 255,255,255
setemissivecolor, 255,255,255

CreateMeshBuilder,
Addvertex, -1.4, 2.6, 1.45
Addvertex,  1.4, 2.6, 1.45
Addvertex,  1.4, 1.4, 1.45
Addvertex, -1.4, 1.4, 1.45
Addface2, 0,1,2,3
GenerateNormals
LoadTexture, respaldos 2.png
SetTextureCoordinates, 0,0,0
SetTextureCoordinates, 1,0,1
SetTextureCoordinates, 2,1,1
SetTextureCoordinates, 3,1,0
SetDecalTransparentColor, 255,255,255
setemissivecolor, 255,255,255

CreateMeshBuilder,
Addvertex, -1.4, 2.6, 1.52
Addvertex,  1.4, 2.6, 1.52
Addvertex,  1.4, 1.4, 1.65
Addvertex, -1.4, 1.4, 1.65
Addface2, 0,1,2,3
GenerateNormals
LoadTexture, respaldos 2.png
SetTextureCoordinates, 0,0,0
SetTextureCoordinates, 1,0,1
SetTextureCoordinates, 2,1,1
SetTextureCoordinates, 3,1,0
SetDecalTransparentColor, 255,255,255
setemissivecolor, 255,255,255

CreateMeshBuilder,
Addvertex,  1.4, 2.6, 3.72
Addvertex, -1.4, 2.6, 3.72
Addvertex, -1.4, 1.4, 3.72
Addvertex,  1.4, 1.4, 3.72
Addface2, 0,1,2,3
GenerateNormals
LoadTexture, respaldos 1.png
SetTextureCoordinates, 0,0,0
SetTextureCoordinates, 1,0,1
SetTextureCoordinates, 2,1,1
SetTextureCoordinates, 3,1,0
SetDecalTransparentColor, 255,255,255
setemissivecolor, 255,255,255

CreateMeshBuilder,
Addvertex,  1.4, 2.6, 3.65
Addvertex, -1.4, 2.6, 3.65
Addvertex, -1.4, 1.4, 3.5
Addvertex,  1.4, 1.4, 3.5
Addface2, 0,1,2,3
GenerateNormals
LoadTexture, respaldos 1.png
SetTextureCoordinates, 0,0,0
SetTextureCoordinates, 1,0,1
SetTextureCoordinates, 2,1,1
SetTextureCoordinates, 3,1,0
SetDecalTransparentColor, 255,255,255
setemissivecolor, 255,255,255

;Descanzapiernas-------------------------------------------------

CreateMeshBuilder,
Addvertex, -0.52, 2.1, 3.03
Addvertex, -1.3, 2.1, 3.03
Addvertex, -1.3, 1.4, 3.03
Addvertex, -0.52, 1.4, 3.03
Addface2, 0,1,2,3
GenerateNormals
LoadTexture, descanzapiernas 2.png
SetTextureCoordinates, 0,0,0
SetTextureCoordinates, 1,0,1
SetTextureCoordinates, 2,1,1
SetTextureCoordinates, 3,1,0
SetDecalTransparentColor, 255,255,255
setemissivecolor, 255,255,255

CreateMeshBuilder,
Addvertex,  1.3, 2.1, 2.11
Addvertex, -1.3, 2.1, 2.11
Addvertex, -1.3, 1.4, 2.11
Addvertex,  1.3, 1.4, 2.11
Addface2, 0,1,2,3
GenerateNormals
LoadTexture, descanzapiernas 3.png
SetTextureCoordinates, 0,0,0
SetTextureCoordinates, 1,0,1
SetTextureCoordinates, 2,1,1
SetTextureCoordinates, 3,1,0
SetDecalTransparentColor, 255,255,255
setemissivecolor, 255,255,255

CreateMeshBuilder,
Addvertex,  1.3, 2.1, 0.48
Addvertex, -1.3, 2.1, 0.48
Addvertex, -1.3, 1.4, 0.48
Addvertex,  1.3, 1.4, 0.48
Addface2, 0,1,2,3
GenerateNormals
LoadTexture, descanzapiernas 3.png
SetTextureCoordinates, 0,0,0
SetTextureCoordinates, 1,0,1
SetTextureCoordinates, 2,1,1
SetTextureCoordinates, 3,1,0
SetDecalTransparentColor, 255,255,255
setemissivecolor, 255,255,255

CreateMeshBuilder,
Addvertex,  1.3, 2.1, -0.45
Addvertex, -1.3, 2.1, -0.45
Addvertex, -1.3, 1.4, -0.45
Addvertex,  1.3, 1.4, -0.45
Addface2, 0,1,2,3
GenerateNormals
LoadTexture, descanzapiernas 3.png
SetTextureCoordinates, 0,0,0
SetTextureCoordinates, 1,0,1
SetTextureCoordinates, 2,1,1
SetTextureCoordinates, 3,1,0
SetDecalTransparentColor, 255,255,255
setemissivecolor, 255,255,255

CreateMeshBuilder,
Addvertex,  1.3, 2.1, -2.12
Addvertex, -1.3, 2.1, -2.12
Addvertex, -1.3, 1.4, -2.12
Addvertex,  1.3, 1.4, -2.12
Addface2, 0,1,2,3
GenerateNormals
LoadTexture, descanzapiernas 3.png
SetTextureCoordinates, 0,0,0
SetTextureCoordinates, 1,0,1
SetTextureCoordinates, 2,1,1
SetTextureCoordinates, 3,1,0
SetDecalTransparentColor, 255,255,255
setemissivecolor, 255,255,255

CreateMeshBuilder,
Addvertex,  1.3, 2.1, -3.05
Addvertex, -1.3, 2.1, -3.05
Addvertex, -1.3, 1.4, -3.05
Addvertex,  1.3, 1.4, -3.05
Addface2, 0,1,2,3
GenerateNormals
LoadTexture, descanzapiernas 3.png
SetTextureCoordinates, 0,0,0
SetTextureCoordinates, 1,0,1
SetTextureCoordinates, 2,1,1
SetTextureCoordinates, 3,1,0
SetDecalTransparentColor, 255,255,255
setemissivecolor, 255,255,255

CreateMeshBuilder,
Addvertex,  1.3, 2.1, -4.66
Addvertex, -1.3, 2.1, -4.66
Addvertex, -1.3, 1.4, -4.66
Addvertex,  1.3, 1.4, -4.66
Addface2, 0,1,2,3
GenerateNormals
LoadTexture, descanzapiernas 3.png
SetTextureCoordinates, 0,0,0
SetTextureCoordinates, 1,0,1
SetTextureCoordinates, 2,1,1
SetTextureCoordinates, 3,1,0
SetDecalTransparentColor, 255,255,255
setemissivecolor, 255,255,255

CreateMeshBuilder,
Addvertex,  1.3, 2.1, -5.58
Addvertex, -1.3, 2.1, -5.58
Addvertex, -1.3, 1.4, -5.58
Addvertex,  1.3, 1.4, -5.58
Addface2, 0,1,2,3
GenerateNormals
LoadTexture, descanzapiernas 4.png
SetTextureCoordinates, 0,0,0
SetTextureCoordinates, 1,0,1
SetTextureCoordinates, 2,1,1
SetTextureCoordinates, 3,1,0
SetDecalTransparentColor, 255,255,255
setemissivecolor, 255,255,255

CreateMeshBuilder,
Addvertex,  -0.36, 2.1, -8.275
Addvertex,  1.3,  2.1, -8.275
Addvertex,  1.3,  1.4, -8.275
Addvertex,  -0.36, 1.4, -8.275
Addface2, 0,1,2,3
GenerateNormals
LoadTexture, descanzapiernas 1.png
SetTextureCoordinates, 0,0,0
SetTextureCoordinates, 1,0,1
SetTextureCoordinates, 2,1,1
SetTextureCoordinates, 3,1,0
SetDecalTransparentColor, 255,255,255
setemissivecolor, 255,255,255

CreateMeshBuilder,
Addvertex,  -0.36, 2.1, -7.32
Addvertex,  1.3,  2.1, -7.32
Addvertex,  1.3,  1.4, -7.32
Addvertex,  -0.36, 1.4, -7.32
Addface2, 0,1,2,3
GenerateNormals
LoadTexture, descanzapiernas 1.png
SetTextureCoordinates, 0,0,0
SetTextureCoordinates, 1,0,1
SetTextureCoordinates, 2,1,1
SetTextureCoordinates, 3,1,0
SetDecalTransparentColor, 255,255,255
setemissivecolor, 255,255,255

;----------------------------------------------------------------

CreateMeshBuilder,
Addvertex, 0.43, 2.6, -8.93
Addvertex, 0.43, 2.6, -6.66
Addvertex, 0.43, 1.2, -6.66
Addvertex, 0.43, 1.2, -8.93
Addface2, 0,1,2,3
GenerateNormals
LoadTexture, lateral de asientos 4.png
SetTextureCoordinates, 0,0,0
SetTextureCoordinates, 1,1,0
SetTextureCoordinates, 2,1,1
SetTextureCoordinates, 3,0,1
SetDecalTransparentColor, 255,255,255
setemissivecolor, 255,255,255

CreateMeshBuilder,
Addvertex, -0.36, 2.6, -8.93
Addvertex, -0.36, 2.6, -6.66
Addvertex, -0.36, 1.2, -6.66
Addvertex, -0.36, 1.2, -8.93
Addface2, 0,1,2,3
GenerateNormals
LoadTexture, lateral de asientos 4.png
SetTextureCoordinates, 0,0,0
SetTextureCoordinates, 1,1,0
SetTextureCoordinates, 2,1,1
SetTextureCoordinates, 3,0,1
SetDecalTransparentColor, 255,255,255
setemissivecolor, 255,255,255

CreateMeshBuilder,
Addvertex, 0.52, 2.6,  4.67
Addvertex, 0.52, 2.6, -8.93
Addvertex, 0.52, 1.2, -8.93
Addvertex, 0.52, 1.2,  4.67
Addface2, 0,1,2,3
GenerateNormals
LoadTexture, lateral de asientos 1.png
SetTextureCoordinates, 0,0,0
SetTextureCoordinates, 1,1,0
SetTextureCoordinates, 2,1,1
SetTextureCoordinates, 3,0,1
SetDecalTransparentColor, 255,255,255
setemissivecolor, 255,255,255

CreateMeshBuilder,
Addvertex, -0.52, 2.6,  8.93
Addvertex, -0.52, 2.6, -4.67
Addvertex, -0.52, 1.2, -4.67
Addvertex, -0.52, 1.2,  8.93
Addface2, 0,1,2,3
GenerateNormals
LoadTexture, lateral de asientos 2.png
SetTextureCoordinates, 0,0,0
SetTextureCoordinates, 1,1,0
SetTextureCoordinates, 2,1,1
SetTextureCoordinates, 3,0,1
SetDecalTransparentColor, 255,255,255
setemissivecolor, 255,255,255

;Inscripciones==================================================

CreateMeshBuilder,
Addvertex, -1.41, 2,   0.33
Addvertex, -1.41, 2,  -0.64
Addvertex, -1.41, 1.2, -0.64
Addvertex, -1.41, 1.2,  0.33
Addface, 0,1,2,3
GenerateNormals
loadtexture, ndem 2.png
SetTextureCoordinates, 0, 0, 0
SetTextureCoordinates, 1, 1, 0
SetTextureCoordinates, 2, 1, 1
SetTextureCoordinates, 3, 0, 1
SetDecalTransparentColor, 255,255,255

CreateMeshBuilder,
Addvertex, 1.41, 2,  -0.64
Addvertex, 1.41, 2,   0.33
Addvertex, 1.41, 1.2,  0.33
Addvertex, 1.41, 1.2, -0.64
Addface, 0,1,2,3
GenerateNormals
loadtexture, ndem 2.png
SetTextureCoordinates, 0, 0, 0
SetTextureCoordinates, 1, 1, 0
SetTextureCoordinates, 2, 1, 1
SetTextureCoordinates, 3, 0, 1
SetDecalTransparentColor, 255,255,255

CreateMeshBuilder,
Addvertex, -1.42, 3.5,   9.91
Addvertex, -1.42, 3.5,  -9.91
Addvertex, -1.42, 3.36, -9.91
Addvertex, -1.42, 3.36,  9.91
Addface, 0,1,2,3
GenerateNormals
loadtexture, ciwl.png
SetTextureCoordinates, 0, 0, 0
SetTextureCoordinates, 1, 1, 0
SetTextureCoordinates, 2, 1, 1
SetTextureCoordinates, 3, 0, 1
SetDecalTransparentColor, 239,228,176

CreateMeshBuilder,
Addvertex, 1.42, 3.5,  -9.91
Addvertex, 1.42, 3.5,   9.91
Addvertex, 1.42, 3.36,  9.91
Addvertex, 1.42, 3.36, -9.91
Addface, 0,1,2,3
GenerateNormals
loadtexture, ciwl.png
SetTextureCoordinates, 0, 0, 0
SetTextureCoordinates, 1, 1, 0
SetTextureCoordinates, 2, 1, 1
SetTextureCoordinates, 3, 0, 1
SetDecalTransparentColor, 239,228,176

CreateMeshBuilder,
Addvertex, -1.42, 1.66, 10.73
Addvertex, -1.42, 1.66, 7.18
Addvertex, -1.42, 1.2, 7.18
Addvertex, -1.42, 1.2, 10.73
Addface, 0,1,2,3
GenerateNormals
loadtexture, 4025 1.png
SetTextureCoordinates, 0, 0, 0
SetTextureCoordinates, 1, 1, 0
SetTextureCoordinates, 2, 1, 1
SetTextureCoordinates, 3, 0, 1
SetDecalTransparentColor, 255,255,255

CreateMeshBuilder,
Addvertex, -1.42, 1.66, -7.18
Addvertex, -1.42, 1.66, -10.73
Addvertex, -1.42, 1.2, -10.73
Addvertex, -1.42, 1.2, -7.18
Addface, 0,1,2,3
GenerateNormals
loadtexture, 4025 2.png
SetTextureCoordinates, 0, 0, 0
SetTextureCoordinates, 1, 1, 0
SetTextureCoordinates, 2, 1, 1
SetTextureCoordinates, 3, 0, 1
SetDecalTransparentColor, 255,255,255

CreateMeshBuilder,
Addvertex, 1.42, 1.66, 7.18
Addvertex, 1.42, 1.66, 10.73
Addvertex, 1.42, 1.2, 10.73
Addvertex, 1.42, 1.2, 7.18
Addface, 0,1,2,3
GenerateNormals
loadtexture, 4025 2.png
SetTextureCoordinates, 0, 0, 0
SetTextureCoordinates, 1, 1, 0
SetTextureCoordinates, 2, 1, 1
SetTextureCoordinates, 3, 0, 1
SetDecalTransparentColor, 255,255,255

CreateMeshBuilder,
Addvertex, 1.42, 1.66, -10.73
Addvertex, 1.42, 1.66, -7.18
Addvertex, 1.42, 1.2, -7.18
Addvertex, 1.42, 1.2, -10.73
Addface, 0,1,2,3
GenerateNormals
loadtexture, 4025 1.png
SetTextureCoordinates, 0, 0, 0
SetTextureCoordinates, 1, 1, 0
SetTextureCoordinates, 2, 1, 1
SetTextureCoordinates, 3, 0, 1
SetDecalTransparentColor, 255,255,255

CreateMeshBuilder,
Addvertex, 1.42, 1.76, -5.55
Addvertex, 1.42, 1.76, -4.5
Addvertex, 1.42, 1.5,  -4.5
Addvertex, 1.42, 1.5,  -5.55
Addface, 0,1,2,3
GenerateNormals
loadtexture, ndem 5.png
SetTextureCoordinates, 0, 0, 0
SetTextureCoordinates, 1, 1, 0
SetTextureCoordinates, 2, 1, 1
SetTextureCoordinates, 3, 0, 1

CreateMeshBuilder,
Addvertex, 1.42, 1.76, 4.5
Addvertex, 1.42, 1.76, 5.55
Addvertex, 1.42, 1.5,  5.55
Addvertex, 1.42, 1.5,  4.5
Addface, 0,1,2,3
GenerateNormals
loadtexture, ndem 4.png
SetTextureCoordinates, 0, 0, 0
SetTextureCoordinates, 1, 1, 0
SetTextureCoordinates, 2, 1, 1
SetTextureCoordinates, 3, 0, 1

CreateMeshBuilder,
Addvertex, -1.42, 1.76, 5.55
Addvertex, -1.42, 1.76, 4.5
Addvertex, -1.42, 1.5,  4.5
Addvertex, -1.42, 1.5,  5.55
Addface, 0,1,2,3
GenerateNormals
loadtexture, ndem 4.png
SetTextureCoordinates, 0, 0, 0
SetTextureCoordinates, 1, 1, 0
SetTextureCoordinates, 2, 1, 1
SetTextureCoordinates, 3, 0, 1

CreateMeshBuilder,
Addvertex, -1.42, 1.76, -4.5
Addvertex, -1.42, 1.76, -5.55
Addvertex, -1.42, 1.5,  -5.55
Addvertex, -1.42, 1.5,  -4.5
Addface, 0,1,2,3
GenerateNormals
loadtexture, ndem 5.png
SetTextureCoordinates, 0, 0, 0
SetTextureCoordinates, 1, 1, 0
SetTextureCoordinates, 2, 1, 1
SetTextureCoordinates, 3, 0, 1

;Topes==========================================================

CreateMeshBuilder,
Cube, 0.1, 0.1, 12.76
SetColor, 0,0,0
translate, -1, 1.04, 0

CreateMeshBuilder,
Cube, 0.1, 0.1, 12.76
SetColor, 0,0,0
translate, 1, 1.04, 0